<?xml version="1.0" encoding="UTF-8" ?>
<!DOCTYPE mapper
  PUBLIC "-//mybatis.org//DTD Mapper 3.0//EN"
  "https://mybatis.org/dtd/mybatis-3-mapper.dtd">
<mapper namespace="com.bremen.model.dao.BoardDao">

	<!-- 전체 게시글 조회 -->
	<select id="selectAll" resultType="Board" parameterType="String">
		SELECT *
		FROM board
		WHERE boardCategory = #{boardCategory};
	</select>

	<!-- 상세 조회 -->
	<select id="selectOne" parameterType="int" resultType="Board">
		SELECT *
		FROM board 	
		WHERE boardId = #{boardId};
	</select>
	
	<!--  ,(select * from review where boardId = #{boardId}) as reviewList -->

	<!-- 게시글 등록 디폴트랑 regdate 뺏음 -->
	<insert id="insertBoard" parameterType="Board">
		INSERT INTO board
		(boardId, boardTitle, boardContent, boardWriter, boardCategory, boardType)
		VALUES(#{boardId}, #{boardTitle}, #{boardContent}, #{boardWriter}, #{boardCategory}, #{boardType})
	</insert>
	
	<!-- 게시글 삭제  -->
	<delete id="deleteBoard" parameterType="int">
		DELETE FROM board
		WHERE boardId = #{boardId};
	</delete>
	
	<!-- 게시글 수정  -->
	<update id="updateBoard" parameterType="Board">
		UPDATE board
		SET boardTitle = #{boardTitle}, boardContent = #{boardContent}
		WHERE boardId = #{boardId};
	</update>
	
	<!-- 조회수 증가  -->
	<update id="updateViewCnt" parameterType="int">
		UPDATE board
		SET boardViewCnt = boardViewCnt+1
		WHERE boardId = #{boardId};
	</update>
	
	<update id="updateLike" parameterType="int">
		UPDATE board
		SET boardLike = boardLike+1
		WHERE boardId = #{boardId};
	</update>
	
	<update id="updateHate" parameterType="int">
		UPDATE board
		SET boardHate = boardHate+1
		WHERE boardId = #{boardId};
	</update>
</mapper>
