<?xml version="1.0" encoding="UTF-8" ?>
<!DOCTYPE mapper
  PUBLIC "-//mybatis.org//DTD Mapper 3.0//EN"
  "https://mybatis.org/dtd/mybatis-3-mapper.dtd">
<mapper namespace="com.bremen.model.dao.UserDao">
	<!-- DEFAULT라 포인트랑 친구 비워놓음  -->
	<select id="selectAll" resultType="User">
		SELECT *
		FROM user
	</select>
	
	<update id="updateUser" parameterType="User">
		UPDATE user
		SET userGroup = #{userGroup}
		WHERE userId = #{userId};
	</update>
	
	<insert id="insertUser" parameterType="User">
		INSERT INTO user (userId, userPassword, userName, userNickname)
		VALUES (#{userId}, #{userPassword}, #{userName}, #{userNickname})
	</insert>
	
	<select id="selectOne" parameterType="String" resultType="User">
		SELECT *
		FROM user
		WHERE userId = #{userId}
	</select>
	
	<insert id="insertGroupUser" parameterType="GroupUser">
		INSERT INTO groupUser (groupUserGroupId, groupUserUserId)
		VALUES (#{groupUserGroupId}, #{groupUserUserId})
	</insert>
	
	<select id="selectUsersByGroupId" parameterType="int" resultType="User">
		SELECT u.*
        FROM user u
        JOIN groupUser gu ON u.userId = gu.groupUserUserId
        WHERE gu.groupUserGroupId = #{groupId};
	</select>
</mapper>