<?xml version="1.0" encoding="UTF-8" ?>
<!DOCTYPE mapper
  PUBLIC "-//mybatis.org//DTD Mapper 3.0//EN"
  "https://mybatis.org/dtd/mybatis-3-mapper.dtd">
<mapper namespace="com.ssafy.fit.model.dao.UserDao">
	<!-- 이 방식으로는 커리큘럼 이름을 가지고 올수 없다. -->
	<!-- <select id="selectAll" resultType="User"> SELECT id, password, name, 
		curriculum_code as curriculumCode FROM users </select> -->

	<select id="selectAll" resultType="User">
		SELECT *
		FROM users
	</select>

	<insert id="insertUser" parameterType="User">
		INSERT INTO users(id,name,password)
		VALUES (#{id},#{name}, #{password})
	</insert>
	
	<select id="selectOne" parameterType="String" resultType="User">
		SELECT id, password, name
		FROM users
		WHERE id = #{id}
	</select>
	
	
	
</mapper>